,XLK,XLF,XLV,XLY,XLP,XLE,XLI,XLB,XLU,XLRE
2023-01-01,103.8978027988214,79.49404811106999,60.68492025140175,76.35995231684987,188.26872678450766,70.301214941836,89.60564784617064,123.65956759912125,90.73171712003592,163.11329994801252
2023-01-02,104.61487964216745,76.22612394360252,61.424923722932895,77.73920733552502,184.24090662264302,70.28964432729731,91.78271720378498,126.46451463663522,90.10372790211508,159.38259481836744
2023-01-03,105.25296257538972,75.46652175190115,59.610716906849255,78.55298511986908,182.6661893469826,70.03269076442953,92.25598262700636,124.95431698187924,91.64812529700566,160.9022514569342
2023-01-04,107.45551262282267,74.36656786384557,58.69570707364742,78.8290627018705,179.78352868036168,69.88782060073643,90.10759723589203,121.76138421861319,93.20269671912538,167.84114855637844
2023-01-05,106.26748544585391,74.62789462527216,60.321755670877934,79.44627165376005,176.95753692076977,67.33999993821291,90.14121083214252,121.3287313383387,94.8769347554834,164.55136947865432
2023-01-06,105.20974899059127,75.17731170812534,59.29454272060023,83.40008067043205,169.78405872882522,66.6383284766478,93.04865725334236,119.46254346511245,95.24131816024793,163.44777863465717
2023-01-07,104.06631745020192,78.09085029026038,60.009123718235735,83.34569020779621,171.88205687926026,66.79557345367542,94.25391088001763,119.37053404251371,96.3739157584433,164.89723527446523
2023-01-08,102.21175665872143,79.62924086718587,57.969971184432104,83.72343125509855,173.13695623496326,67.04298229712361,93.91055340811761,122.42286395264512,97.77958901522618,164.80193622942292
2023-01-09,97.05673716185841,78.7551206610611,60.46419861262109,85.54409461984515,167.43679752431868,65.7119264348407,95.14625883991205,121.3689544520268,99.07971959695737,161.67664059424615
2023-01-10,98.96864871625147,77.39134916322803,60.127082177663986,87.50032329953228,172.47458064701078,67.43030827553505,92.8074920922699,121.32569805914497,96.93846648556335,165.4279002549086
2023-01-11,100.64827586823046,78.1956007724741,60.271947191450636,89.64730106180748,178.46128971217047,66.30538380284678,91.57093727957378,121.52732123099965,93.73097598469373,173.37142637822743
2023-01-12,97.67586550911626,76.19598154879776,60.518403611762174,90.84526719424544,175.88908584994599,67.63734298645636,89.65151642981937,123.66888617003718,90.90882221647897,174.13988195205155
2023-01-13,96.8916729494912,79.07825256771872,61.28890601383203,88.8364999043881,180.13103786379332,68.25182194037245,90.54269897135305,118.29363132304904,90.46416909563276,171.10502165616117
2023-01-14,95.51138394432375,81.0062816948286,59.48446870663315,91.83249684814524,178.16758890796044,67.4090702704056,91.89104863237412,116.92537709050673,91.59094246471899,165.9685511016293
2023-01-15,94.22434314102952,80.28984826928767,59.50786679892586,89.79590054246778,178.90357047840968,69.88044130723769,91.65459420342077,117.47923593430454,89.63484682686216,166.91051639488373
2023-01-16,90.32245989787596,77.62429824025192,58.75834246833424,90.3862390213775,176.02599897399236,68.2660836259981,90.11336665760147,120.3932155029814,91.35230992347469,170.72180932587523
2023-01-17,89.23708065480876,79.79476871147226,56.834412598764594,89.07747668498251,184.08852131816928,69.56740559959437,90.12283069173233,119.27421055618167,90.48445477709073,172.43817055151695
2023-01-18,90.35542549190859,79.65200035934024,57.99660311713244,89.00777706469783,183.09339749893925,71.00908266075753,89.29468141688895,114.9381409172522,89.64191046175695,172.51611696975587
2023-01-19,95.14868996770714,81.68933678555803,57.61834359613981,89.63976226941007,183.64882458591043,70.09807896645358,87.9280189613963,116.42977569123634,88.19945831065122,170.5801425859923
2023-01-20,95.94983338841163,79.16505078578801,57.92745146145635,90.26286550985907,181.22994225698375,72.11374726107093,88.57045944018614,115.01712838099459,84.97907878136834,166.9779817849947
2023-01-21,96.23276279781813,78.26084570013282,58.16526173328263,91.07328902365866,188.19768684704462,71.78989767049356,87.28150132879749,112.36895817921156,85.41240747036247,169.87399980964358
2023-01-22,95.29345744243774,78.30819797010834,57.80592353042402,94.10759747522371,195.5322307616482,72.24171417900172,84.63192402804438,111.03004259928917,88.43295824952632,173.0935876115442
2023-01-23,94.2033816041208,78.42101256697187,60.165060937254864,95.01259556200327,202.11640881820685,72.65513541271152,82.42833577797914,110.67636495970166,88.36636762897429,167.90827049805063
2023-01-24,96.05345654412638,77.75715709195342,60.13827581766787,94.5970540988966,206.12290552924227,72.49647208052882,79.8671036737583,109.40049539801937,85.1980722777999,173.4196883576934
2023-01-25,96.66250247281378,78.77121183725748,58.32247128180156,96.48698013245475,203.66506956331853,73.71852062989707,80.30358681171293,104.73193620003912,86.58145645671382,175.51000069990152
2023-01-26,95.48931541072228,77.14564968835565,57.886247461688946,98.85928625658597,207.16878150896662,74.9352074575127,80.58579524786933,106.68125048659016,83.85504925464366,180.58253271564413
2023-01-27,93.60495469124571,76.96475577114126,58.49694826797467,96.50987471965888,207.2431983006611,72.39615571536821,80.78835212378387,109.49106217113547,81.89263140875603,175.88763669036481
2023-01-28,93.34928485794852,77.18873390015305,59.152951556942014,97.71873813203182,212.86137816315693,74.34675336098333,81.78447482672611,110.98259217307192,81.54395930221396,171.2336297979433
2023-01-29,92.40445881096329,78.02601440726498,57.90888748790361,99.14830783014051,217.7742962523822,71.95134777220734,83.79946376010963,108.5400954827098,81.78543091292113,170.80960138236446
2023-01-30,92.44045206604859,79.184026010279,59.02496677927473,98.6092941169054,215.07221954889562,73.48939347268916,82.85410398811179,108.1576427176344,80.1921669799627,172.6221639266781
2023-01-31,92.06323396820513,77.46155469706547,57.008659740633256,101.41080607368943,219.2977493873456,75.20180189573153,83.57219151312827,108.19762232459097,79.78851089887479,179.02624209057427
2023-02-01,92.82932991310376,75.15851837738502,58.357383311063145,101.15748324239978,222.42079966133767,73.61551929135076,81.01371952678416,109.55593920628736,80.9784255862279,181.66311897559066
2023-02-02,90.55525914708495,77.14239485579218,56.8660742015119,101.46258111875106,210.5240344263822,73.04966685536021,83.32034125743652,111.08571260017494,82.41161173518793,180.8739449125059
2023-02-03,92.60101548605289,77.6956505333121,56.637653684110326,101.16255060901908,214.03050619916436,71.48770553211835,81.31220167245365,109.52125203561624,84.54259367636853,177.28754590318516
2023-02-04,97.94110893397905,76.57950999174547,57.88541175840019,101.24468553317327,212.2962365302776,71.21668021829662,80.2056904007912,109.75586872152788,87.87750424953546,181.79378204659798
2023-02-05,100.3575353675592,79.0319804910866,58.053065251719225,99.0985405624678,208.67161419181826,70.8146838371654,79.2922405628685,110.81965299247005,89.35718335089108,178.4090362483604
2023-02-06,100.84774756073702,79.25464948205332,59.03860079568432,96.33326563161135,205.28445039180605,71.96353905021833,76.94684469068116,114.15082252559715,89.0151788201063,184.40754772990263
2023-02-07,102.69332815166055,81.18674730038913,59.80353183182889,99.50459240489722,204.83232596524036,73.91130280801244,77.03550090546902,115.82850701394604,90.60353043408587,183.45337510407327
2023-02-08,100.69190845566561,81.33711186391469,61.392648223684496,97.88218591792871,206.9118617488117,76.0415148983324,77.40446325193875,117.72976172171836,91.49895067962471,189.477861157976
2023-02-09,97.6021536491323,84.80184938851163,62.74220136370449,96.00849949615892,201.4384092746223,75.22894616337938,77.1503542318028,117.9862834438923,92.4765264110029,192.16431548256327
2023-02-10,99.17377035554706,87.87577489438212,62.2064942252585,92.00739200437523,202.30584373135753,74.9522798078632,74.84738828662475,121.42266506588872,92.85129356612254,191.7343664545262
2023-02-11,98.1611714438683,87.48303468638215,63.03046845406207,90.88451973549262,204.75533765834788,72.50698325337069,77.91503532870009,122.48306977699535,91.21853740473134,189.8478531756572
2023-02-12,95.60041608571859,89.24418855278434,61.16573814392879,88.55535979654611,212.62964728913977,71.383409087868,78.81501766836823,120.45196663536926,89.40675237830703,188.65214584063878
2023-02-13,93.97843556680748,90.44878901245718,61.12549832733799,91.55759191131921,208.2039449382797,72.8106699194196,83.12022046243624,123.94258767068187,89.2778882522276,190.37030611404523
2023-02-14,91.92327861083048,93.00529754938606,62.16541368733069,93.47224393020322,206.85661251868174,75.2393349812872,81.8334279132848,125.7475745827105,89.58895540208631,190.75965499290723
2023-02-15,92.21685091307046,91.27327105559264,62.363224341327985,92.24070591525964,208.04598137021455,73.44135439380523,83.45799562609832,124.7005970740876,88.4239825198195,188.60182687807497
2023-02-16,93.34341574828105,92.58054426208868,62.95426703875937,96.53930634652694,212.98192568157765,72.6125595293432,84.81131255234111,123.57222233926065,89.22043161124842,188.0721053640774
2023-02-17,95.06304506270796,94.60851704117549,62.71766179198845,98.50285719426971,211.79584777862263,72.61051804582436,84.36203132618415,124.3695396636802,93.0582261964447,188.46210817887393
2023-02-18,96.82710353962587,91.38421073108958,64.18210823941833,97.91393975928632,217.0430358941966,73.0550313445271,86.8201252577496,125.58979342832842,89.91266146470878,180.6971250092781
2023-02-19,98.34944544968646,89.29161122062213,64.11101362060168,93.18630910054313,208.8984836167513,71.9175943605352,86.16208678593782,126.14938923923579,91.01129871760762,182.45173083612315
2023-02-20,97.99177910596393,85.7660208457848,63.548739640472256,97.60411596378557,203.829007897129,72.56641138456592,85.5852045407959,127.00075191102215,90.93674620015658,179.00097002779276
2023-02-21,96.82585353332689,85.34780778665476,64.71787983177187,94.97637865580225,205.35790453822594,71.91791324010602,79.8846585515129,131.45862383875235,91.80596550505115,175.00675565331485
2023-02-22,93.99588218683157,86.6247532518885,62.95588951157321,91.94772784842398,199.74425887936786,71.93308625381526,80.58112067669956,134.37347064041396,91.06403908450666,169.28398511808456
2023-02-23,96.13408294173034,89.31172248401971,63.621723821688285,93.89448470523656,195.20463765357172,72.75968426738147,78.51221274533289,134.95423613319454,90.84382174487466,163.39978064972615
2023-02-24,95.84087574301176,89.48890451473704,62.34012528632965,98.6389976181553,193.25158608955047,72.80542412698635,77.69102677220087,137.5877562745218,91.1249641160245,159.10922084501962
2023-02-25,95.10500582985628,92.49799388973933,63.98596872478387,101.45873388999821,196.35449522892276,72.20885919155073,76.15078381836739,134.84304371574802,90.62219118461265,156.94736130175787
2023-02-26,97.42432595511576,90.02477654971707,63.6846318725612,102.66079853586817,189.1428175086456,72.08677097093029,75.63285219102515,135.9884565609735,87.95174330400636,163.28149157714836
2023-02-27,95.73766300023549,87.05301306496861,63.88872958459863,103.94120704214498,189.88304787479623,71.99547620764626,76.34544315003602,141.06998727743425,87.58502115227569,161.65396950324654
2023-02-28,97.3981953451997,86.99984392394853,64.45029959956676,105.78341335616079,193.94364440055568,71.5004015662329,76.40064797245992,140.5263777285008,85.18124830929357,162.31080753292397
2023-03-01,98.02660386892543,87.71453610053875,62.041324425309874,107.45501612698139,193.28556754275948,71.16685175299143,77.5314765752891,138.23325811171733,86.34450632562817,163.6979055550967
2023-03-02,96.06089490998903,87.70103831399638,61.269918047598296,108.11507118423071,191.96097867811585,73.51578081595038,79.5588177461886,136.51039378185163,83.22387614337192,164.20965468412203
2023-03-03,95.96333941598283,84.19073644193597,62.59340413885614,108.39480417771112,193.6064597904884,74.38233472173557,79.01365417888424,133.63445117027527,84.99626948577176,164.03751052673218
2023-03-04,97.89794006742011,84.08283937342046,63.72106558587419,108.3133368129376,192.9604643354464,73.9810419672419,78.30013525574208,131.6191937918983,85.77251585336565,160.24265323832122
2023-03-05,99.51788904508493,81.95850690897437,64.11484010001827,106.74566064441858,198.50123376378497,75.05701005447098,79.85431272006747,130.71281904897774,86.56247429627331,165.04328949877936
2023-03-06,102.59057864619064,83.1051403100008,62.4387814875684,106.20120975618977,194.2346676857618,74.59485739019236,81.56863631883122,127.1530342821648,82.93691031596305,171.20329892804057
2023-03-07,103.3384710588812,83.75857234201257,63.205836700258594,102.71686953435135,194.13119088624427,76.40392443450041,82.8272113264473,127.25637113837472,82.4348441412264,165.62042257557522
2023-03-08,110.60393339127737,82.23992798709043,64.14618642685633,102.5663156394653,195.02892866636023,77.00935481983538,81.3054516665471,129.63842971450987,84.40101958311993,162.34407250067588
2023-03-09,108.64088788146974,81.43975852376796,64.23864558896315,100.60860080406367,193.65511488654488,76.88269838918974,82.03665600130135,127.36973320260354,83.57189859020761,161.51883809538896
2023-03-10,107.8320655871796,79.77253858946642,65.8624452869738,98.46153484651501,182.93907344262809,77.61302036142789,82.25758332417443,131.36501472481567,81.83017632571408,158.51211480788618
2023-03-11,107.75474734731972,79.71244608979681,65.00081244793697,98.8658465438197,182.44250225387373,75.25013353927184,84.04952115490114,132.78027072375988,80.83521319160813,160.20437367195828
2023-03-12,104.79256007847404,81.29045311047773,64.37353603146731,101.70778934186724,185.84976029709952,73.61010620361763,83.13358076544353,135.61327567078965,80.76527634592904,157.96680113286405
2023-03-13,107.0539175728973,79.74340647491498,61.28348450759369,103.6448575043477,188.85901620525485,71.90917243680339,80.44844263505368,133.90767672269612,79.44140580029124,165.0396937074455
2023-03-14,109.06055298039213,80.59164556711775,62.452541736510305,100.49020012339344,190.29896972636175,72.1511115085245,81.6075066571627,136.28401957825923,81.46683953676087,169.10113785659192
2023-03-15,109.15656923040282,79.78135565578383,62.87723505340653,98.57006832143708,186.25917414034853,74.73234451657572,77.57567281763622,133.40670696910456,81.40223340179652,169.90653052326462
2023-03-16,108.05009232914118,78.56547724234372,60.827851554089285,100.49249745896773,187.83150339730003,78.18196493619797,76.48721596838666,135.87119744496277,80.54300964421219,173.51918864666303
2023-03-17,104.91954937391371,78.43668783008573,58.75497256546031,98.58640035800983,185.78248353012634,79.22564251657552,74.9753734125684,136.4071476496553,78.51301855513967,177.48856763405246
2023-03-18,103.32803088373862,76.86778964304656,57.76731759979383,98.19356284077658,187.19412951311065,80.06324661904547,73.48350885312351,137.9938571222674,79.3170716357179,175.58570115522895
2023-03-19,104.92889383080548,76.05934891850625,58.720936640828505,99.32941032378838,187.74343143652723,77.2692248650522,72.42708866749275,134.85461584096365,80.0928599183281,172.82904115587453
2023-03-20,104.53685521465553,74.29594576648132,58.39843697708813,97.47294132115996,184.20491361792804,76.47334696113357,74.24926314606874,132.52825680581745,78.87328145233626,173.1859314704157
2023-03-21,103.7000206975942,77.312131762486,57.49473549780612,97.72743465514391,181.03668352299076,75.31554838522432,75.5155776947325,134.1878180687286,75.46099889165438,176.28438030733142
2023-03-22,104.79764302945,77.4053700132909,56.37755223110492,95.20208233262966,182.41788584925982,74.42334335390531,75.17391895673612,131.73251773219397,76.12153407539287,176.86375602782778
2023-03-23,107.3071211878144,76.36783869432793,55.23257080206649,94.11095532019166,181.70379646293142,74.2105832210097,76.93622391810493,133.025070668458,75.8755977760609,171.4582448281245
2023-03-24,107.91429550143773,76.73371996601436,53.16388242541247,94.76215309610441,178.76502619993147,73.549964137913,75.3565519429665,129.5018097046225,76.4255107776994,168.81159620400774
2023-03-25,108.64955487616245,76.59981681286241,51.92141613641459,91.83653708764918,175.58366218143354,70.73064733835507,73.60884587516878,131.7832252709818,79.51614174058433,168.64633340566348
2023-03-26,111.72772139556028,76.30017968561425,50.84693197087663,92.69548081094032,174.60722449303907,71.83251066669438,74.92871090358967,128.63872236960063,79.51322857106904,168.4755285915833
2023-03-27,112.1767686235596,77.28181126138279,51.57165761285188,92.70542238015165,180.26015551214442,70.342931889535,75.84031449841606,130.13259241294747,78.73963363038347,175.34252591543046
2023-03-28,111.5407670067615,78.50079730417326,51.42671525353929,93.78235860986211,178.4626891843658,70.71567396448893,75.18296956623409,131.83702372164387,76.9918978236882,170.63411623964598
2023-03-29,113.10907939777469,77.7111508395729,50.609843481978224,94.2503977504853,178.5018855427701,73.7476329076022,73.53162008166865,130.07758168066675,76.55058448557703,172.45449039374842
2023-03-30,112.58630170913283,76.85975470754602,53.02908558772738,96.90565294133367,178.9545834997651,72.44018643832825,75.74785721515,131.66641777998035,76.83523349450368,177.75667843161423
2023-03-31,111.81699250464793,76.47633600948112,52.355794005648725,97.19724283178651,175.0394754267457,68.89995027009681,73.2228920779438,132.4202306391031,76.95566315416893,186.11125404664142
2023-04-01,114.75945152469532,73.0718304755207,53.61906352993988,96.41427140827703,169.06020138017175,68.54122381771217,72.38793100535185,131.0663382783009,79.69435535398222,184.70439577666122
2023-04-02,114.14837741319666,70.92614435120531,55.413699072995094,96.69872181961286,165.70714738314575,70.10222714545874,72.7559811087277,128.51331278566607,80.53408177663525,186.62201769396424
2023-04-03,108.298969357373,72.92828788506182,53.727642775707615,97.80406542648889,166.61130849280988,72.9388569090557,75.4639012966394,123.62836223003882,80.35742157476955,188.85518088955828
2023-04-04,109.10448447833917,75.40517863746862,53.8340890189505,97.94864849236232,166.9860417679194,71.2026845248467,76.08235847076186,124.55818891085224,79.26948435647323,189.6898020702711
2023-04-05,108.29897258968242,75.0680649060569,53.306390371338594,98.0772251596488,169.43313379076582,71.94950159250396,76.85515225133474,120.78075164278201,79.73325071320959,189.40985521633638
2023-04-06,107.72836609517172,75.97667409087833,52.698011924895525,96.75822550438915,169.84620582626818,71.31868088047452,76.02291718142109,121.07180702783333,78.33907604757985,191.1641955025131
2023-04-07,108.76304933516566,76.48933936461452,53.31326991987757,95.53162343115842,169.55924099415336,71.20331169815971,76.93065573312614,120.49579448308621,78.66065985175103,181.81465687368436
2023-04-08,108.45663747506838,81.38809364396738,52.67957750720086,92.93545525082824,167.60702872185323,75.1079338419458,77.13141285480336,122.20472440902299,79.47094110611063,184.404034354671
2023-04-09,108.97834743290109,83.27267722024025,52.18569817002036,96.29310889356627,170.68406259543832,72.92028005073334,74.75688662630857,121.52947151611043,79.16722518166837,184.9624344135819
2023-04-10,104.71086827235128,83.10144903710416,52.03654072344374,93.97412635118313,167.65874900337104,73.32793076273897,75.98986938815196,120.79173225470954,78.21462580570899,184.23336633484342
2023-04-11,102.80580088364991,81.56916659169767,51.67521120048302,92.72715731548617,164.05843368599815,74.05406592126167,77.51782436130668,122.63411600647999,74.90725316959775,192.02786528969605
2023-04-12,105.78629297524104,79.02959509438355,50.50168936587133,91.45007944210073,166.0126147060723,75.71764114264978,78.8127828526853,123.5204113160319,76.67896791185899,189.54790944111315
2023-04-13,105.79993858492189,79.39152912504468,51.33767656668089,93.14819607663212,161.72552876583242,75.9041102598618,78.90477622287231,124.36608759324686,77.33862181612459,188.12004439263822
2023-04-14,102.36858173180168,78.23871967913847,52.451846405517784,92.64664471993355,169.8127656290831,76.4113959995591,77.44888911457352,125.60158673134796,78.04189608990785,195.8622016371649
2023-04-15,100.24620497034543,76.08259963291856,52.83996985558091,95.0352218266409,170.169724607726,75.85312282424162,73.99034035016852,121.86372895857299,75.68036632128974,192.72612371703556
2023-04-16,98.32491818446975,75.14263667511058,52.46975226085916,93.81059159911983,171.44361574321553,76.30064676219641,74.26023557048468,123.78413704306227,77.83689434298788,190.712646640098
2023-04-17,98.57566638029,73.5714593254666,51.76077595185168,94.38268641569411,168.7783043015176,75.81662299365554,75.92260469864699,125.3724107696288,77.15460005025366,190.24777829919464
2023-04-18,97.77532594554428,76.1343849864773,51.06300386391711,92.86536059665546,167.8013346804525,76.80340745787034,77.48815698299985,122.91031359089924,76.74861154908093,193.5705428411395
2023-04-19,96.54300996946138,77.52750661590365,53.55492525053294,96.9847443320697,166.45842951414164,76.27588249059423,78.80264548362167,122.37294672208166,75.16228370247055,194.4739184446506
2023-04-20,96.59890003038265,77.55391288519817,54.596213661950735,94.7556736922429,164.74666096706412,76.89176689279577,78.72512453276738,122.33793523258319,72.55977057985682,189.60549125626792
2023-04-21,97.57510959889633,79.92368384353286,53.713390712252526,95.3923261968936,166.92892799048334,76.88521166671335,80.49633314048191,122.07031616344639,74.2960338614157,187.69197353185643
2023-04-22,97.11946934624882,80.08748451140795,53.91756405017904,96.65748766844438,165.51744881593922,78.67571705184865,82.03901024341982,122.949590745021,76.27075061101279,185.51858983992707
2023-04-23,96.05756808068166,78.75910653365145,53.55480852804447,97.50948512436345,169.00472020723757,78.63419710889191,81.38916838246,126.58345015159608,76.05668781869518,185.32493149454805
2023-04-24,95.29884727525615,81.23582878858504,54.21087832954316,97.19739429294755,178.339723760299,75.93259456850106,82.53926817122317,129.41665849487174,75.06776682211223,187.00353942183492
2023-04-25,95.99673055058584,82.1572087716292,54.83077245780546,96.99384175505133,177.37736468572035,77.91234893191782,81.70007950704596,126.12742763637088,74.54107977698297,188.6685287493778
2023-04-26,96.03056547186034,80.5106657047875,56.06006866743179,97.12741943121492,178.0075165526462,76.55196698263131,82.62856629461368,127.77030071364813,74.05870429705911,182.1756668610793
2023-04-27,97.5643800106827,80.24487486126579,55.14205322347815,96.89071354290579,179.4533738306211,75.59532860955703,80.54959863221295,131.27741981722147,72.33881790541244,186.18675774256866
2023-04-28,95.39408899824424,78.8912664422909,55.285316420887895,98.82605268820497,186.16725956719063,74.73744695953138,78.64380742872748,132.36310783683885,71.9531909045169,187.22322486031524
2023-04-29,93.9732243383945,76.77772320377919,53.4120516978362,103.34487759180638,185.95274065314297,76.8588041632649,80.36614709918524,135.35061657517102,72.20994805660276,192.57626589317837
2023-04-30,95.48533842424472,78.25228940602236,52.111705734036775,102.2501115116958,182.98647088633396,73.68185308660499,81.92828029309679,140.97942819070337,73.73229997511406,194.3919007346065
2023-05-01,94.01328992714593,81.3390661333004,53.06786777572109,99.5366408284676,178.4994304419328,78.49316200468512,83.01459741405047,143.9675851770311,73.79019394161178,198.82055563136086
2023-05-02,96.70029652129277,79.13498521164759,52.094425278542445,99.41074286573046,178.3817169561483,80.20875303103496,83.20237068342149,144.7595866408046,71.53585661971363,200.78478110877495
2023-05-03,99.50626181280575,80.07105697577603,51.25123763289936,104.72672848600307,176.87762814959072,80.6079618778543,79.3564994770712,147.89108825480207,72.07950691278462,206.36740688898357
2023-05-04,102.36727587990107,79.07538209685052,51.268380886920035,103.10840189054105,184.2250877309726,80.55978239282395,79.27737934825439,148.394440835697,71.74736729476648,208.63850671888002
2023-05-05,100.63038739911387,78.34789435514399,52.01173809935214,106.59783654441004,190.95839198079884,81.06170288763771,80.04079939997003,148.53965063139927,73.77790931999351,208.33446989926034
2023-05-06,100.8356710647552,77.46383754207396,50.94531944879953,110.29043811782442,187.14207817816163,81.95194814676127,79.22895553706225,147.5730998926681,75.95556597863394,218.13050075043063
2023-05-07,99.8953884575804,76.17485335078659,47.54310215103217,109.13061503304971,184.59290791217634,83.05785299372572,78.14702187721244,152.33650349270707,78.25225112496106,222.15475940201915
2023-05-08,101.80780541248376,76.28694572726583,46.74616631676541,110.43478099555898,184.95791353852593,84.02794972569326,80.47771840629987,149.93821951655784,77.41695695209378,224.83102989723156
2023-05-09,105.39538760050021,75.06713375853225,47.910984997409294,114.14768151867828,190.29449259983602,84.22073012490364,80.42093889533243,154.68189130239256,80.60034582497774,219.2742114175325
2023-05-10,107.30665419260575,75.51202887817857,48.26504106057573,113.34208053093685,190.60688169333503,83.93094047896138,81.19636496236635,156.31418313446045,81.20865175785461,213.8033999972489
2023-05-11,107.379957528721,75.47392287923027,49.58483331880441,112.93798919713831,188.24951366617282,83.71924319949613,82.50452240962936,152.07622156719003,83.93556308594383,215.16629855741596
2023-05-12,106.65110048619736,75.1516628721358,48.49926699214563,111.68755458375452,188.12199219290935,83.43523417475718,80.90894344971555,153.27517550738625,83.13759498131985,215.90135957880415
2023-05-13,108.09867832796283,73.83677916150775,46.95833686554433,109.49842296691713,185.86506431255364,85.39145986431495,81.2628136997169,147.04435979132458,82.68391387484637,213.37244001633525
2023-05-14,105.53968332517942,73.02643825628233,47.41846595592999,108.1397742221972,188.21228361102612,86.4544104907894,83.47785655575068,148.9699293121411,83.17989053993254,214.0819396838084
2023-05-15,106.73122389864335,74.17516331983248,47.670472674316834,105.57755388672484,185.6549456122765,81.55759485155909,86.6143814562111,151.70670713688105,83.47466482637005,221.1036013397797
2023-05-16,104.84886470377539,74.95948081493621,47.986670341649585,105.70238538805876,183.86119513532873,82.67584433269343,86.72694305140917,149.99500288291495,85.6388820380674,224.31233324587473
2023-05-17,106.21134117118483,73.54493697765686,48.91495627342156,104.1391510330324,188.27803406528895,83.03998139613053,86.35836960380242,150.44129375111112,85.28484938423149,219.3611054669663
2023-05-18,105.9229715286999,73.72804477679401,49.35390554465308,104.67954318852566,185.49955367573395,83.05043054845217,86.86769445672151,156.51566205812333,87.33830342049212,218.98190016852416
2023-05-19,105.15619941978717,74.88180936642611,49.780794364751856,101.52304335504941,180.30140366321055,82.44881290879901,87.335668099993,155.01798585108244,88.67108174685013,215.59243475391338
2023-05-20,103.36191949236016,72.45914529118413,50.52303619742825,102.24822194571051,180.7346241287818,84.36561434320953,89.83674781470152,151.84541491343822,88.3376115369585,214.034186191852
2023-05-21,102.67839351040408,73.28750229826657,51.05879068000461,104.01904264332924,179.52604991541352,86.02263289558559,88.10825917203654,156.4906500716622,89.54663051916438,212.3770935008684
2023-05-22,103.87872846076108,72.35883920613284,51.967922117440715,100.00290863033675,181.46242950305646,84.7455198280606,87.66027345845478,162.83672441194116,88.74740602598459,210.46313893878553
2023-05-23,106.12327164577377,73.22592989963137,53.053299669903886,100.80423849002548,182.70961166224592,85.48098274946929,85.76628563742085,162.93020541854827,93.06501324333381,205.3483526923483
2023-05-24,107.30017941278894,72.15267850967595,54.73103075286972,103.36162721761804,182.6843319018736,83.87778446450032,84.08970033931871,166.34287700153598,88.27983123018647,204.92718579291085
2023-05-25,110.32251738831783,69.62939127939512,54.05202517314584,100.9414819946921,182.55268797452635,81.63584391885121,84.76778447599196,170.95163846538665,89.52075821227754,202.7436903268857
2023-05-26,116.1277997357322,67.43309478398805,54.60133068886667,104.42743314072143,179.9756679325265,80.65929788166277,86.19504792926773,168.5160530970362,86.45971782058254,191.3020510924379
2023-05-27,115.43429427586887,67.5317337393636,54.2255276096455,105.35891829867644,180.36608751734977,82.10360736695489,85.12535148682855,166.97179386715803,86.11343867885383,199.41997713477434
2023-05-28,115.01748416421643,67.91738682186246,53.355688970028595,103.93571193666178,183.66515696297537,83.72557238092978,86.4932857300897,171.2188203156281,86.00911849817324,203.91198034268885
2023-05-29,111.80802342961783,66.733410490033,52.6512405500039,103.87177149272469,180.21405986896914,84.6314683277267,88.48193106842916,177.1758380917516,88.686350257325,202.4843130908356
2023-05-30,114.55990445399327,67.62498961385201,53.20162339666506,105.09069195369356,180.28472708849247,85.91067375918212,92.01876120672365,179.27129844416532,87.51086408416212,202.6618442756915
2023-05-31,117.63490533197768,65.44742720981858,53.67535523240613,105.3032010565685,184.1600457517234,86.84558398873598,92.19329627414552,176.232475176031,89.87530277950884,198.06707013202657
2023-06-01,115.67018195403612,65.39367795029439,54.133986373545554,106.49722600665832,186.1241036741036,85.78138398438082,91.0666930594643,183.46891036880177,87.82505743536755,205.00208891843442
2023-06-02,117.16646475094664,63.860771119390876,53.917113361260284,104.60647645007869,191.15853944560646,86.56888574213495,89.30367944407774,181.6216740245795,90.26774935249374,213.03701774257644
2023-06-03,120.11349833082294,63.065163948617084,53.94776289663298,105.01389581994609,189.09325131888525,88.00984246979647,87.40100891601747,180.49860582424262,89.46015563898919,213.81257582970335
2023-06-04,120.71868007050188,63.15654677412689,54.86476167158618,102.13734147196031,182.3859265579965,89.39229395276008,89.65800074390593,181.82956830630505,89.63644846327563,218.34370076870593
2023-06-05,122.84346581600414,62.11007700166618,53.28119301127119,101.96135524812941,183.21090099435173,91.58914391982123,87.02544380494744,187.663979188557,89.07996548126637,219.22008200313965
2023-06-06,123.33541182725247,61.6650386288596,53.33411908509442,100.18472366044348,184.6365632713226,92.94229581220866,89.21556350646772,190.99219023961314,91.43988157450742,213.5437344901342
2023-06-07,120.43021681778856,62.9501404505807,53.45688185224138,98.77110670205901,189.854465785143,93.64469587996278,87.72322455906492,192.6798201637553,93.49767047079948,211.89803451461336
2023-06-08,123.04589544576893,62.25912769550769,54.29550635633313,101.29398011710347,194.51722582662285,95.71842363077205,86.57252990397349,194.5707050332876,94.37786414312892,212.56413381830717
2023-06-09,126.41365838407462,63.34012385346339,52.87530995635283,103.58092441602997,196.71492436498954,95.7155114243294,86.35368246591466,194.8375067375049,92.27462527543224,210.74582672284515
2023-06-10,128.34854281112888,61.95602501195755,54.50754728190954,104.90298262522286,199.84926363095062,94.08916308543246,85.18951462708651,197.12315834906292,91.00994175394099,209.93117294393528
2023-06-11,125.9845913713065,62.64732249688439,54.768312234300346,102.68742780462198,199.1835918202714,93.82970936841916,86.83571095619979,187.49224810799515,89.20144331198415,209.6525712353643
2023-06-12,124.16806617253233,64.5120685345671,55.08863280745584,102.09068875897596,194.4829851243288,92.48842337412603,90.08780741446984,186.47652352732817,85.32217302088362,209.4184006956316
2023-06-13,121.45301245468879,61.43129681227159,54.675504763640426,104.65021231956158,195.03891514489396,91.29352987802504,88.95549508982897,187.4724292594261,87.54568088437216,209.74223781327177
2023-06-14,123.39949343676936,60.49020918272324,55.29465480339059,104.99973391554626,199.00910406959915,91.07556486397904,88.23391674678165,183.2976820268077,87.01706543612082,205.4427151095504
2023-06-15,126.63320990831288,61.22300164588819,55.37539307144178,110.04005180243355,201.73960671660117,89.6883736220517,87.99016233342483,184.81179359620197,86.4731857517322,202.61890785618175
2023-06-16,127.77673993516774,61.00537988209736,56.75904151820628,110.96454807703675,205.23464553834333,89.18223994864061,88.99197096918792,184.1496147626102,89.14430126220242,197.5783526978448
2023-06-17,130.26817802152365,61.490640272564576,55.17362773060561,111.44729024902168,203.5880975934323,85.91080636005759,88.76358315284601,190.82524562906968,88.34385533214468,201.5810510923297
2023-06-18,128.09118737395292,60.78270363459709,55.3953689453201,110.8158058981798,202.61100039175423,86.3212236728706,91.30646672262887,197.02260323377135,86.91470439430496,193.36480775314695
2023-06-19,128.52965407067916,60.91850970354323,55.87774862859669,111.16774032596645,204.68176276811002,86.366477304768,93.47126779940781,195.29326424229083,86.56818039046165,197.97690989682786
2023-06-20,125.11861752653735,60.75950432923391,55.69769681705101,110.88469060887975,202.55799656313684,85.00905954912655,91.32685145535108,194.8023770734464,84.6714891362364,203.64481942625807
2023-06-21,123.26378007626523,62.22638843115786,55.27636824370838,112.52247860999184,200.57974672044202,86.18039771494877,92.32954696194666,194.61176834435207,85.2992831348599,202.5190150090083
2023-06-22,125.51183834049354,62.575108919952555,54.904007063005814,114.75358128254892,201.8796144456838,87.85556417613438,95.22771218256344,192.95817449040328,84.70653970168598,192.34123143700273
2023-06-23,124.97430964824417,63.03055641007323,55.123665212216586,113.02027966559771,205.07784658898603,85.1183765202009,94.33717899511909,193.80915787844256,83.89343652195438,191.0518448886579
2023-06-24,128.09803033373424,62.54473694873946,53.19050705538222,110.10589776109042,204.36325519153766,83.87171734035755,93.83051073112884,190.9875630943282,82.9443015773684,190.90217941538535
2023-06-25,129.54846171235275,61.9687339912643,54.25419088852199,106.18878516451772,199.76372313259384,82.63271025021726,92.8912391687181,186.81073733790504,82.80967375210763,187.17596857327297
2023-06-26,136.8990066216034,61.465669757557194,53.762575556493644,107.32679390641852,196.94395690031476,81.13444130588458,91.99993082747612,189.24646800322478,82.98953452879945,185.349793394927
2023-06-27,137.22457051406474,61.98347681082206,53.927128200551245,105.03682432793897,197.8467314247082,82.53290355718265,89.02513932169109,191.7401022074246,82.17203259219121,191.2054910141258
2023-06-28,133.4852092134506,61.49452563953435,54.351689724292555,100.66047142729181,198.7053484685538,82.25469927446073,86.73456649023836,188.7747500277457,81.6253348056607,193.8621350073729
2023-06-29,133.45977027502,61.882885425994736,53.810014610479875,101.49654482714824,199.76622926960613,81.86161709142144,86.91250904373146,192.28172497030292,81.53311304856003,190.40549454713846
2023-06-30,130.97936263461685,64.53783687141447,53.69601696989107,106.73880198188132,201.9608234077591,78.68503445476972,89.62855191396983,189.96314117769168,81.27682089776984,184.51006160989698
2023-07-01,133.6311474688772,65.7049433585725,51.58000111492194,106.77921899646786,202.08531227499296,79.73122881020845,88.58005440836472,191.02290919826274,81.36802555843273,183.39891616239925
2023-07-02,133.81027988254849,65.31055706276213,52.3669933111463,108.63929173329076,203.26104057674863,77.81826487347723,87.49236799668826,194.27996640415267,80.31440329049525,182.70896186333644
2023-07-03,133.5101544994963,66.93205309090153,53.537260756448596,108.8716571964073,203.17964342214796,77.95056340465749,90.56628269276845,194.24650431055406,81.98537121646903,184.62347822014897
2023-07-04,133.24571312206524,66.42121207174934,51.772442165972656,108.71088623891707,208.00564116839493,78.42340076820888,88.62525293471447,196.11923409765961,82.18537734833471,182.74873270467958
2023-07-05,135.30097037762724,63.800049976080636,51.3789289420014,110.78301498069813,214.15756753050215,80.62715745771892,85.77194533541369,194.20109971235112,81.40205025031867,184.72018296198556
2023-07-06,134.14917976608305,62.55788245611034,50.15562933628595,110.19681312398947,209.2295166711063,78.58329349910467,84.404580112023,193.53626035992082,82.00564975887126,192.10560297697438
2023-07-07,136.3184180654371,60.290612340568956,50.002647381398056,110.84311504316595,208.26822171902853,74.01508196863573,83.33477902000925,192.8374677960266,81.92471963903608,195.36219711223526
2023-07-08,139.26866116892327,59.898181118202075,50.68087793196895,111.61436716356411,208.50880411132596,74.32488887198431,80.51285938580565,190.07450586117534,79.17212227053528,195.27200550732957
2023-07-09,138.3880987176515,59.95021734703044,51.71742970556568,110.18799699688118,207.50241373494876,77.08865300885046,80.34710659081377,189.49841268299187,79.75371304408081,194.6553340971102
2023-07-10,135.91655281534722,62.02535500769833,52.91738480456633,112.45226467567507,215.18571024750526,79.06221106558314,81.9267051945967,183.81104161036436,78.18307368484773,193.368368440716
2023-07-11,134.59655315537847,62.463463428352256,54.349901248810774,112.11550364911415,216.25981443422947,79.43413698648347,79.88642296485682,182.10532112909348,79.69777998330532,198.08769422637292
2023-07-12,136.59003491474482,62.22144965663842,54.13573701430246,110.4888619759835,212.9107561944467,78.69624874200937,80.0664950350318,181.1612823761831,79.3530384485669,195.715791563512
2023-07-13,136.9113410971457,63.293833143263136,52.934503613747125,111.73666708244738,215.5735045314281,80.0169062869728,80.74339724363558,180.3255993863642,80.6410757118287,195.99085853933337
2023-07-14,138.71688671460888,60.58608192709813,52.83974017644072,109.80165002533305,216.85337425450479,78.51321989695235,80.64916937397587,179.546486728786,79.67085004027544,196.28976808845957
2023-07-15,143.76698357120705,60.90269865895455,53.53999327646272,109.91849973293172,218.28581648626692,79.30444438888094,80.98973005327643,179.41451759368266,79.82225563114913,194.42690685932544
2023-07-16,144.50482438461674,61.87986168980609,52.26796799982471,109.95341759920815,226.43610591645708,80.15029627142438,81.3506563958763,181.2337618184215,81.8188149033405,189.2572084698461
2023-07-17,142.25683995777234,60.106805154255134,54.05956293286978,112.423693448088,228.1443438175125,81.90890979606039,80.07905572421511,184.5237241211653,81.4204847924374,190.57893607361777
2023-07-18,145.3700595509957,61.528356294944174,55.066647631196126,113.55288501885076,226.87637941820907,86.60010035824159,82.5567548769315,182.23238926995887,80.50429647016767,190.44175349770896
2023-07-19,145.5922408211371,61.97729291561785,54.867044358839365,113.55282379400151,218.284608864234,87.3260918391204,84.68522365850079,177.98846050943408,81.6067000925084,192.45285242946053
2023-07-20,148.22906095204843,61.49539637915372,54.11954763764144,115.48301495871672,217.67252972430353,86.48491634936204,86.76812748394883,174.4045902461178,82.69214366491146,190.50514368174805
2023-07-21,151.49956555387305,62.30975245240317,53.426828338104926,118.79836135125606,223.54465092793637,86.48392296822949,88.58945869330478,172.79981278049783,81.83046580252565,195.31148070614313
2023-07-22,148.69579808279397,65.23732737500664,53.53293903879808,120.19120138391817,223.2490115383967,83.51923936948005,85.88535150067857,171.6736595771515,78.68404448519283,192.01243691104978
2023-07-23,152.93954115819628,65.50779452654696,53.31454031420837,120.27621291119954,213.57472985751852,82.40801934309626,87.53463401184722,169.1346976944467,77.76877001322413,198.800329405154
2023-07-24,155.81121694923473,65.8667358956566,54.36492312884039,117.2201918098732,211.56230604517555,81.77708791561852,88.73430439941514,164.8890942691411,78.86891159428178,192.0677589547868
2023-07-25,154.0176242763569,65.29701542849027,54.020285525391614,114.80693300702713,215.91251815648312,80.96486843671848,86.09196527712419,163.47346366280595,77.69465334829876,193.84204420380073
2023-07-26,155.0357943603609,64.22865446256787,54.59649410250126,114.16529792932931,218.39157357677402,81.25256866305193,85.7655903751998,164.14976425829585,77.71650751889088,195.79187561151585
2023-07-27,155.91331370691123,65.33684758246366,54.59220857239143,112.83844844319269,214.86115797688512,79.96699894480453,86.28482568401836,166.19799143628376,76.73960887343344,192.79763096498928
2023-07-28,156.06597081940382,64.25981547365343,54.91489150654644,112.47350805061437,212.55193258554687,81.82105853036788,89.24988145512208,164.43762781151824,73.86762535693063,194.5382833653876
2023-07-29,158.8907862851208,64.38404196758441,54.69013965143276,112.65732716764136,210.9185782563442,81.86231830455307,90.59822031945018,163.1665371645841,72.91285939819504,199.68065126663214
2023-07-30,163.60650975699713,63.803794144638694,55.49748706892281,113.91408950989717,208.24554713740903,81.88802658262354,89.08965792220306,160.25037140298463,73.9380560057316,191.1164579910986
2023-07-31,163.71225457337283,64.45016274057687,56.33345259342005,113.81047762166165,200.0614203536522,81.39345710795926,92.20838077482759,160.2297351429354,70.55006587626693,193.14435565574104
2023-08-01,168.2124843586444,64.9141414880972,56.882465136895966,114.98073824577507,203.24176747561984,81.68731314508351,92.33530946706423,157.61258957984117,70.94223533442202,183.84121988963986
2023-08-02,171.65592209381612,66.30838073350111,57.60661531668133,115.18667914060862,208.52051763412598,83.08803175103486,91.90999626408801,159.50936155206745,69.3138383903182,180.414891910235
2023-08-03,172.5415269524808,65.66827731856387,56.55705970392233,110.77983661998324,202.38431987462084,81.70033195260659,91.3563170678701,153.98963327940083,70.19755039903487,186.48344733537678
2023-08-04,173.2371667782837,65.34745327431042,56.95234981511492,108.77244831045203,207.58596065221383,80.67233754349405,88.48175105919998,152.96248424783354,71.24322981828114,184.41835408323234
2023-08-05,169.37416376880324,64.1127463031342,58.422377067759555,108.51368768449713,207.26228283738405,80.22387906980634,88.33186706833546,153.96338849666213,71.03415628804113,180.2291759813737
2023-08-06,164.44807824264336,63.577353458569334,59.02889541145845,105.97279645320066,212.50971501226502,78.13231972116378,89.25974863517351,154.60779068944052,70.82892572248103,179.6068842910426
2023-08-07,165.07424502804923,64.0909609460456,57.85342904796334,107.30561718446887,212.77743509338003,76.90098143425152,88.61870711259681,163.24500994243127,69.73066784159461,187.28445543595248
2023-08-08,162.35361486949864,65.10120841168467,57.824779593843935,110.6969198677514,213.46173844824213,76.21011688757733,89.41174291716844,164.4732924689527,67.91307310537384,180.63798908934936
2023-08-09,162.30609721323208,63.94349514022635,58.289207448667916,113.48506611915523,215.16524160410492,77.59337152492193,87.92324383138903,161.28405211294393,70.29427851802826,176.96797251563356
2023-08-10,160.66007322585898,65.09787609101497,57.44161065123407,113.058162061396,211.89798839112197,78.04091431205833,87.71962480841395,161.05691701358174,69.12310050302365,182.43927968849678
2023-08-11,155.09236713441885,66.92045535264971,55.93014721715013,116.53794376602686,217.13047821003258,78.38284031406174,88.32087175750604,155.51355491078678,71.36052911185065,189.4398292768306
2023-08-12,156.2827625983758,67.50984091550997,55.60547032900723,116.94342451371054,212.42114606460677,79.7680452740793,88.70086759212242,155.34072073066147,70.17940571667599,189.14290226641407
2023-08-13,155.0699508866018,70.12709894286714,54.81505790349051,116.21576974046543,210.8252322879925,79.58897301805848,85.94094451353922,152.85041777045274,70.95591083052564,184.60562113545626
2023-08-14,155.39655753584992,69.0847153947943,54.826801608601386,114.85615208848208,213.15397690592965,80.25305664579018,85.23228122154462,155.75240314481664,69.39414977337618,192.60445732247916
2023-08-15,152.72178691373804,67.41991282530832,53.1358085650312,114.22053535321166,211.09977647767627,80.12760410717114,88.18434987931644,154.12697590646923,70.15944707262636,198.94481800847478
2023-08-16,151.77839584762694,65.09618932699634,53.766203559144124,113.39389613676795,214.51539788951,80.59427863037237,87.363763093422,153.8443632660199,69.73893150026468,201.76556005148743
2023-08-17,156.66803465078632,67.10690186301792,53.114660500893194,113.8379434484847,220.61053113693765,79.70023139412793,87.4350942102637,151.97716912107876,69.33906089802639,198.613034743607
2023-08-18,157.149904856586,68.02492697555397,54.21014278381758,114.26123569004717,225.23623039748605,75.94399387594865,87.32716847698501,157.4341591074892,70.22531510960754,198.51760686999808
2023-08-19,158.9662133067805,67.98332929925832,53.93772014802879,114.32534512689018,216.78963470809308,75.77819320705298,90.15463997513541,156.5041423200373,69.6042781289651,197.98090648876118
2023-08-20,155.05412485468335,68.39925209483424,53.93730046416133,115.38646410653635,217.44466349113938,78.00442262624989,92.55784313463036,162.4278038421603,67.67812851243525,199.39496775272238
2023-08-21,162.72391109122083,66.91024599787627,53.77784459631176,118.22622821313817,222.07564112835558,79.50260858115595,94.11189063159452,165.17683945265225,68.7508550926639,205.36885376600623
2023-08-22,168.91966432674494,70.29967311366352,53.069287870719435,120.55318923275162,216.4117996903248,81.093092361152,92.34389100476164,166.86047577081433,67.2267451988613,209.1174361985592
2023-08-23,173.6760795898905,70.51684183526149,55.787172938991105,117.08417266141994,219.6763406955668,83.16448532243275,93.05616308145905,168.17963291876154,67.95879108834832,204.7620285096969
2023-08-24,176.66711794173028,70.70663872762775,55.264273103872036,111.3095076089976,222.73985034500836,83.35374585100018,94.16627003009881,169.59421238683356,69.32887173424302,210.58268888781384
2023-08-25,176.8090148416736,71.77633322809022,56.435425566543444,113.46575531607341,217.51388819145393,83.72518795266987,92.90616015314757,163.26181612867146,68.84458420171659,212.01161059043753
2023-08-26,178.4684113200573,72.5064110026108,55.242053129053545,110.46110876747768,221.28409098331338,82.73864842144106,91.34829434579514,162.43492795676633,70.52721178631009,215.05253691590426
2023-08-27,182.33980615219207,72.86822449866426,55.6825673014042,110.02066305577874,222.60553670693199,82.25838819092215,94.56428747570455,165.28655055309832,71.24568759166596,221.564373647811
2023-08-28,180.15194218974162,71.76114524129402,56.246542154431275,107.52957581537171,225.6328108477708,83.31934803457148,94.04410061321225,165.20757176781962,70.29615223960462,216.8013655527854
2023-08-29,178.6467948228433,72.47723728596426,56.24746800589811,103.77512773686179,221.42472715870298,85.392517534884,97.17984792422165,160.70958191108807,72.33048194138878,216.75443062901664
2023-08-30,172.8679478886557,75.29494748051115,55.636581883568184,104.95750767133924,222.20167641875673,85.1972839456366,99.18682958524266,160.62152288948735,70.73299876430227,214.56998716068102
2023-08-31,170.305113641646,77.3872033046326,55.37202456149452,106.61654249910549,214.86025729390727,84.47585631537032,100.04927102000386,166.27331633932977,70.23720798532435,208.05007108722083
2023-09-01,176.14678428752492,79.93271093907978,54.9546722404288,105.44700185355467,205.397684967757,84.5189972511214,101.00938199568152,170.55720483324123,69.9829683266144,209.6025202911303
2023-09-02,175.06068885517266,79.15918728548336,57.68800290635862,100.17189184145205,206.0800313648007,85.58418090975482,98.26864584799843,170.43102552230263,70.8706494572984,220.5102342619112
2023-09-03,174.03836599484183,77.64667726838395,57.69076843230675,99.13303538162145,210.77190867841654,83.18968545879001,98.72522714583944,173.7920827548628,72.50569009087323,212.64892210248033
2023-09-04,175.23555716777742,77.49031952032827,58.328740261406324,99.96287028558878,211.9467965557564,79.49544689252589,101.61395887642983,172.60910298583107,74.08557721851037,212.61796007492148
2023-09-05,169.76015087801167,77.61552855294252,60.47484210553881,97.09798162496661,211.78388879354253,78.6642669672196,103.05962521132967,166.9095561685361,74.45506881732427,215.46700726536136
2023-09-06,173.0869721633165,79.37245135290273,59.45389107583488,97.50345243008461,211.09656437534306,76.80538560191776,103.4299363531795,163.93381283964595,74.07591592626737,216.1060724535454
2023-09-07,177.6157190040104,76.76908769557134,59.52844567571459,97.52235072450272,207.25799544668536,76.06680434800113,107.08610001725316,169.2235363950768,71.4552066815229,215.7255077902511
2023-09-08,179.05056640976198,79.19340788273946,59.238434002924656,98.70814046868622,206.44357983863088,75.88024337212353,106.74388525572867,168.38292140853858,69.63643044338903,210.29734861564953
2023-09-09,185.15536428537277,78.98302086288355,59.16604335510491,98.99397872180728,208.29614545402268,75.23310681023172,105.48209849334764,167.64908251299818,72.17696611336014,211.38438581648427
2023-09-10,180.39675943796905,78.35072970671337,58.984078172660176,97.13460028881103,206.59418263346376,77.48936761628002,105.8600452956644,166.73008315926324,69.60939378075928,208.31324456245827
2023-09-11,187.2665419875622,76.8190913598979,58.15605520312264,99.53696458177897,209.82380101429047,78.03641917279855,107.54907356409142,173.2886962537073,68.56003011107788,199.48608733305784
2023-09-12,184.64187389016868,74.35538226738142,58.4129849406607,99.27149665013222,210.75316960484213,78.54605317234989,103.9688525693587,179.10606037555854,70.1826998041345,204.4117497198071
2023-09-13,180.06533144087365,75.62746213050728,57.2132522615261,99.26692125385004,212.19957530076357,79.56937321965617,104.61518703474829,187.32662502437014,70.5129305535564,208.47185769111695
2023-09-14,179.30206512707215,75.77631920259653,58.38524531465226,97.479981314989,216.112797026919,77.816430505915,106.37766430645827,186.82509286729314,71.86986165377716,208.79173597540247
2023-09-15,186.2355018611426,73.88328469924959,59.14720906718694,96.6678999227614,213.9549269663951,79.49028664722076,105.85844746897295,188.02695621483596,72.69070873505808,209.85541011770945
2023-09-16,186.25620442531758,72.03016854499889,58.59563167430134,95.01980445031316,216.90359299486218,79.40962224909316,108.282342231429,182.5004220612911,74.89635498859496,214.52046260581318
2023-09-17,182.90581275084202,71.58383961857596,58.10550922834493,94.73906388608283,215.34113574421977,80.52189703329108,109.73472134506503,188.06566320335816,75.37787297168198,215.59290357433972
2023-09-18,178.3187156293419,74.05068382769436,58.45578718125279,98.08756363163282,216.91677144484933,78.85352484739533,114.59377591034048,183.81605990676275,76.42292561196923,219.6361414866466
2023-09-19,178.0332118544949,73.70406460249889,57.55838290245652,95.48055014276353,214.24030621026287,76.47904947785021,112.94279294827086,184.70705701417418,75.3615949137055,218.44245823080647
2023-09-20,171.15522356614625,71.55705397953568,59.71238124814972,92.49469905478264,210.4786525186464,77.7792459050434,114.89235315175011,180.7879945456479,76.28867145042139,224.36233356399194
2023-09-21,166.8452987136578,71.24183584664554,60.17144501968856,95.304282044332,210.97117856756103,78.40618573875611,112.63462268014227,178.76064055258112,75.72451343904515,225.91933710207007
2023-09-22,172.16070657028126,70.8897431456555,60.67690619429375,94.95359213173847,203.26641924111573,77.04285248931123,109.10839343117289,175.8800904789752,75.07891903951918,226.91126976109152
2023-09-23,176.86622524718132,67.20099296744321,61.5402891957271,93.73829592535199,202.16661411406758,75.75227911475255,104.80811545097166,173.84167192929877,76.47273594689925,221.33067212028422
2023-09-24,176.50080095048924,67.16163161704735,60.861622503321186,95.75615493898843,195.87263756208912,77.5154465597985,105.9956109206698,172.06331154656624,77.90317831495629,222.7158968946496
2023-09-25,174.95208193267447,66.88558250661636,62.23285049606401,94.65063594525161,199.0486605765185,75.73110611784885,106.44012762327742,170.27199406761446,80.61910007665938,219.15031317750316
2023-09-26,175.24452720890318,67.85734019303017,62.40676423326638,98.22028780535702,203.37499323292525,78.29959637704019,105.47791810826347,173.22023192545694,83.32102004397318,216.4787091262929
2023-09-27,183.76214580292515,70.4488338252379,63.6358238654381,99.61087130123124,199.99102845900165,76.94031823521524,101.8530957396908,169.5192595361602,84.90620376048173,213.08362383412543
2023-09-28,185.3492245148098,72.09019083374932,63.416083837801786,98.69290704539739,201.81244320348907,77.96795211787445,100.50664098572243,170.35378698749207,82.07539284792877,208.69210630161103
2023-09-29,188.84687645294295,71.73940740547953,65.1415817649489,103.09586096083099,205.57716893113053,77.49593647938693,100.56513881240187,174.64171939032406,85.17362919936082,217.86060207664
2023-09-30,188.17781845989057,70.20430918761966,65.69941061764783,101.90540141976021,209.42608603275897,78.47571792038431,102.22426255299928,172.94482798347892,86.79519152019729,223.85134641647159
2023-10-01,188.50137302551758,73.94909045720115,68.66503344944644,103.48087917080912,210.43143645038907,77.66517595803275,102.24156905160324,170.56462419182833,85.51861068591023,232.73245907792065
2023-10-02,191.05255451976063,74.07375294842778,68.1935279863404,104.15422203793162,213.65145579700058,77.45143640533131,102.8096833004309,169.8649585530269,86.81784639906249,227.22293979012753
2023-10-03,191.63076878820988,74.13144818089103,68.50732341402104,106.95492999474274,211.0002566365763,77.55361444187155,102.0902163609977,174.0074760493611,85.07786443859831,227.66078229515165
2023-10-04,184.58737002443624,74.13274536343157,67.14195609988369,110.4030493800985,211.4570276907417,76.05264115631206,105.77787542026796,174.77167656498543,86.18011717073935,221.95764416739314
2023-10-05,189.4705714894206,74.46424204738766,66.46816830914581,110.5289897954028,209.5955520192978,77.22646693482403,103.6973320846306,173.0111651439094,83.98297426433024,219.00020679521697
2023-10-06,187.24745733823733,74.28669240360402,67.32939332028913,108.93043638949936,206.64533606675585,76.4760762289933,102.30838386490768,174.7809829032147,82.67768399868721,215.12303804451213
2023-10-07,195.42123264548306,73.47598287889237,68.90187429200435,109.99214158358885,206.8978595357962,76.16529894778036,101.3565463000039,171.05545819385082,83.90190387244544,220.6332486300473
2023-10-08,198.22333833957512,72.71308906131104,73.1479123503613,108.56560185893888,208.445131183856,74.70290476239425,102.51391544397615,173.48914126427627,85.76457481046644,219.0012025691848
2023-10-09,198.60418318097342,72.70181465091449,73.04319727486512,113.08303373073292,213.45926584612087,71.00656261130241,100.45615403035617,175.00020707513383,86.36778758604858,223.84297636243346
2023-10-10,200.45711979996454,71.95190067661461,71.72839838290537,113.4489626227701,214.70159476251067,70.77117242624041,100.77957698244678,174.0131703099403,85.91783260362283,226.67725586233917
2023-10-11,200.12264423271557,70.96884188019773,72.8536953401781,112.67940203519217,217.58460065327336,74.30691805114881,101.16308612253604,171.20458960993895,82.40071209377018,237.483940084783
2023-10-12,198.28427720249022,71.15563629791752,71.26438633731586,113.15292726003614,220.55639170548605,75.5198958591922,99.81782446881883,168.27939329272525,82.09800009638438,230.67530508294058
2023-10-13,199.20883760892187,70.82910431795739,72.10924494771643,110.20009034751234,232.85224113881392,75.52856546727986,100.52901160031075,170.1740948015581,83.02015074049248,236.67686709162507
2023-10-14,202.86759381448556,73.02850569786091,71.42422844224554,108.13337682732626,224.68590432424858,75.17006791499132,98.57227944075149,174.49596360100193,82.5371137829184,242.28739355857584
2023-10-15,201.09208229891186,69.29206917802406,71.76300159462116,110.81628210880878,221.72652847434065,75.24146208523648,96.4426564131347,172.37209017848494,82.54111207478817,237.7350983083354
2023-10-16,198.70437764526807,70.85677561545492,73.38282872390063,109.42461102776976,228.47479315919094,76.10734811158139,96.68330235054442,174.0466191153476,82.276386609362,242.6935868512982
2023-10-17,197.39531791071755,72.68116689634385,73.25710930742676,107.21086635210676,226.9853841378003,74.36820977297394,93.57334816200756,167.01483635286814,81.78959407183622,244.4528841452839
2023-10-18,201.2903976470544,69.76374721793954,74.67406777532806,108.42196132934116,231.15805356073048,76.08225034152652,89.68912704224705,165.15596903465234,81.95477506159344,243.46496767730986
2023-10-19,207.32749297709952,69.32189088701595,76.02757103218633,111.07934290039216,232.34001521647707,77.21723031452414,90.69536135073096,165.13595686860836,81.54978395557728,239.60562737955286
2023-10-20,208.9384922072858,68.84323235253274,73.2815902156775,112.74445674855754,242.45252780909908,78.37353740221477,92.66451560845887,162.23979345141345,83.98006681901467,236.30235812099707
2023-10-21,211.48756357066193,66.96577653577228,72.00801309079466,115.07047500560537,237.23348882165746,79.10339957327372,91.84933297484116,159.30893744028944,80.39492834763305,246.31431051586492
2023-10-22,208.94523382836553,65.96506984563483,69.8284324503829,113.3985795301795,243.2235190681391,79.17401766204263,90.67558497441892,157.27403484018737,79.56181305277507,246.44086393243958
2023-10-23,212.7477670033348,64.54830383947615,72.71705931390075,110.27449336478257,252.0109346948648,80.28681493455157,92.56386521164174,158.27492985379894,78.22811562277397,250.4513429208697
2023-10-24,215.21596487028665,66.88396478709532,72.60023596739778,113.69271478925992,247.07306452350812,81.28339015694671,90.51251031150272,157.76191080317176,78.61097570922577,246.6441659351899
2023-10-25,212.28706789915762,68.1814693136648,75.2702338851784,113.01784515319783,251.09754912054262,80.75023548727798,88.12185954635558,150.93093954703562,78.77173388504859,242.94853122868358
2023-10-26,204.93359920226354,69.9726127375398,72.88812349439193,112.50853299636059,246.4185581099892,79.86908389335068,89.4225915912161,144.73556316648407,81.40999771365266,248.38732233254643
2023-10-27,200.0914712521647,71.02538583913842,72.09396533343805,115.59502863911729,246.69056482892773,80.07197909161955,89.48348797390851,143.060994115014,84.69198156033441,241.89355819232264
2023-10-28,197.53001820235679,69.47426003362294,73.29411411184665,116.94661523757534,245.55059575163133,82.63277320136449,91.45542097806128,144.4487543267162,83.43428027253718,240.01310160171352
2023-10-29,202.27523309188658,68.78363954959467,73.5941691540797,118.07680541704725,234.14672294090465,80.65043758732327,87.6670690618891,136.79380327433753,83.47684271652521,240.29661596019096
2023-10-30,208.76025860917747,69.49490292282363,74.41987155746264,123.36350879987756,236.25993659985892,78.35687599971148,85.28792231018524,135.50114668952037,83.84713747073931,240.95290805058127
2023-10-31,207.0367156965836,67.85077812065312,72.61320790331122,121.84685732315772,237.0567131555619,78.65482236173521,85.35503969866136,134.1495397234538,82.56113704852469,240.211466646128
2023-11-01,205.45722080420128,68.85968084542147,74.67780320890837,124.19113509972124,244.29609360774745,78.77429167549647,86.11408344979294,137.99561390721502,83.64709633441497,242.2417130764445
2023-11-02,206.6383785701449,68.563773702079,75.88531778333909,124.3950083182901,247.42409821218797,79.08739676517399,87.62908037958157,137.00555399786504,83.2890066416331,245.74469139731178
2023-11-03,206.79195349889466,68.0857471945077,76.53558026498942,125.12758528227137,259.1537563884377,79.51395915532419,87.97997801488032,138.12806261874755,81.57018949136253,249.5067348126994
2023-11-04,210.78357875253076,69.09532675527151,75.53102723480802,129.07624387350734,259.83904644985046,79.19938613846973,88.31432885558752,138.5881226105784,81.15594123462003,244.7579668597785
2023-11-05,208.69380963701107,69.74685740399394,76.05977399867972,130.45912804801262,259.42088624641656,81.63563064973874,87.67303103915596,132.87316917783082,79.5924319895159,243.49264334545703
2023-11-06,212.79962853522562,69.2797767092591,75.65546903646793,131.93718053286247,258.59539355152805,79.10275766725901,90.5527393643891,134.997897247119,81.30048234265621,249.50575652505955
2023-11-07,211.8898397719123,70.94036803427079,73.23547299629492,134.86523910168222,256.46004408591324,77.84174043176512,88.62127626983194,135.64852052425678,84.49422041028055,254.13736576239117
2023-11-08,215.64768976059545,69.4577303225006,73.19824537000643,133.95139314327156,245.50513428613073,77.72000598507222,89.30454391720424,137.10300508728022,84.9514164572683,247.37805212397592
2023-11-09,214.58913522348692,70.35382006115461,73.0056505071532,131.7877670227046,244.5485769871297,75.24496004909966,87.60133115212903,148.3771375755867,85.18327036628095,249.24773957623034
2023-11-10,212.07994597052226,71.22893369869105,74.61077043239604,129.12702621206785,234.75839374142294,75.01828150292718,88.58758862361506,142.39074453338785,85.48609684231607,239.698728028423
2023-11-11,220.4585422092066,70.82472615856281,71.38561251951116,124.20947904423817,237.00886379812383,77.59176035196633,86.8125688111943,147.46176673547143,87.57525083128131,240.0438303083786
2023-11-12,225.3183298537013,71.32385471533611,71.75807129925992,129.48870146942454,231.31868177779418,77.6630013050029,88.15774152147029,146.68977508314913,89.67682848482869,249.45458467884774
2023-11-13,217.49444275832468,69.59610256718997,70.15373016955783,126.72627718155363,227.33158581537674,78.06118860119444,88.39981050761592,147.6089520845488,89.5143852995073,244.8924216828794
2023-11-14,215.66749129072556,70.92969027381918,70.63836751962097,126.2298422683987,224.4204896812267,76.15644361011522,91.58455184961612,147.54840868353253,90.01273321739878,240.96038877022133
2023-11-15,221.03836591268896,70.70321642312577,71.2047156512814,125.59571336712452,223.61431894893738,75.26102954660495,91.1168015111541,146.3749660138714,91.24097364945746,244.79304851940373
2023-11-16,215.91894410447293,70.00289549579335,71.11669730185368,126.43347217471828,223.756888340974,74.73574840691306,91.94049174506264,144.7886265827851,89.2329458536421,237.47375767261113
2023-11-17,219.3824700327747,71.52283647300216,72.31040363907752,128.5773929000949,228.77745852603059,74.29950097842675,90.56324200124268,145.81885116178955,91.46921652702864,234.60471235023266
2023-11-18,222.44008115099325,70.55763659194054,70.5662999736511,130.87471246695995,226.26324727413365,76.26675364558517,90.08832276554242,141.5314044374674,94.74595219015015,237.53876839809612
2023-11-19,219.4610648261791,68.6321229836749,72.18318341352791,129.42206993191095,228.56075359916687,77.16075188710008,90.32421107997743,143.74389587479948,97.02801625757651,234.6617530491886
2023-11-20,219.53210688752145,66.56161810755745,71.20375278870428,129.05471853773034,241.51205758700354,75.50219837422624,87.65083556627567,142.62364778110427,94.68805773587273,233.6737072543571
2023-11-21,210.65003186225897,67.40696195970243,69.0566755153097,129.85105828663094,243.4633490141389,75.91329767113906,85.24322711061595,139.50604594331207,91.07541293163271,237.29626957371156
2023-11-22,218.3516354654521,65.735539723118,68.71583257720576,129.2714252517926,242.70740374604284,76.71185839420404,86.31521202036203,138.3252343882597,92.42174166077898,239.42503574256386
2023-11-23,217.1145120883761,68.11759857730337,65.92887318264968,133.5613839648576,239.07410938637378,78.52046446847093,86.10643223373984,141.9181762025898,91.07273394141671,240.82649407689084
2023-11-24,220.7434529551194,65.37219493670678,66.29801517446572,134.94680667697847,238.26582307436726,81.08273867138969,85.13392327528157,140.47702690823158,91.64304899105659,239.31825740048293
2023-11-25,223.58194869692304,67.66209601746873,65.98813484936723,137.01333157995887,234.19697791127507,79.49294015015134,83.93023020576561,141.55849702888432,94.54766537441805,241.21665410484252
2023-11-26,229.85199997861855,67.98223974870258,67.67038836186735,138.91133574559115,235.57651749448812,78.25330495305126,82.80728867617198,139.57385849166965,93.36018777751568,240.74080474340252
2023-11-27,227.98265586885057,67.88480527940935,68.58865715687715,142.28119335561962,236.1829362867939,76.34782218603254,83.03540634509494,141.77656744513033,92.70421179072937,243.07668457377198
2023-11-28,229.02839920500813,67.18257053996722,66.738850308357,142.86866270254333,226.30016326393442,76.02932415327464,83.81967931305388,143.80561682149113,93.26532289617195,240.79316474774717
2023-11-29,231.71964029777223,67.75488559139305,65.66194257021404,139.28039432653333,226.32932162921196,76.78016030958541,80.42504816428821,149.29656264589713,90.92165238083572,240.03552853423938
2023-11-30,235.91675877275284,67.73776649808511,66.3824547144446,140.4684468074397,231.36904664332135,78.35054837422275,82.77138030348824,148.84766527227464,89.59872132093909,235.44746078069025
2023-12-01,241.5474930886218,69.28371687107901,67.55042564274642,138.71975512631084,229.64434893647862,78.27074822726749,85.06505939726453,150.9270335239446,89.68810925181084,235.40034016920555
2023-12-02,239.3719163823674,69.47690990417628,69.25701113954929,137.32953659668178,226.77852212260836,77.81054772547131,81.23151382105185,151.29897544925836,89.19536725250158,231.7287768839974
2023-12-03,236.33113335634178,69.72092591231997,70.99536331889468,139.01901113498192,220.72550093232599,78.0861072357834,83.05655879948235,155.34916871178265,90.33249544771704,226.73607902559144
2023-12-04,242.9695571701448,69.25035398561245,70.90380628345271,142.57616611425362,212.78026456028232,76.83108406398583,84.87046764277915,153.2083311964606,95.5182041765525,228.02605906663413
2023-12-05,233.3862106231277,69.2061232018973,71.45566802501742,142.7081716661046,216.4559357663584,80.1500155541617,84.91367005473592,155.58601709269016,95.7556482387122,229.11285805602387
2023-12-06,240.9514071960402,69.66829802598004,73.37270499149746,143.66417354199464,215.77958140127487,77.65274132491243,82.78043337089511,155.05886163897705,94.20425748933464,232.844811545782
2023-12-07,239.61867327934394,67.35936963972993,72.96543461743799,148.71366514307758,219.24676174003955,77.97916410565239,84.52068382069079,154.93737976908307,96.96306995855554,230.96118714789245
2023-12-08,239.7166358548177,65.60017104685086,73.55845191843521,149.5061920296474,226.17846059630932,81.24049165188539,84.15595309852912,155.2995889731895,93.97735175163402,232.97024285397518
2023-12-09,236.58574250679536,66.61591981537411,73.1156722737812,157.57026291225517,230.49963755783344,81.2921767860657,85.12742392066076,156.16308711876243,91.44847061850987,235.66862425260345
2023-12-10,236.47601353756454,66.87738673075471,72.35060220048003,159.44223050518707,228.12685221204754,81.02429149638472,89.03533063111828,155.87841472146533,90.41169081701217,237.8932776666116
2023-12-11,242.6862713107466,66.66507664590712,72.45686931566253,154.0021264206597,228.90319773796543,80.48735539705216,89.52966289411461,156.62753123725267,89.94657183936096,234.11421306050644
2023-12-12,246.58007945368792,66.72301233554933,71.50308601490647,156.41820829632158,226.2190413894107,80.23760238316818,87.94681928745037,161.73075321667784,88.8841994802523,234.93205764274725
2023-12-13,249.14636532956922,67.2220648792517,71.3517799505496,157.69399432991656,223.14861184444237,82.51245339012085,87.40195804069118,165.0324182890175,88.87262337928,236.76762190691812
2023-12-14,249.71443287135452,66.53355098000507,69.92499678220071,161.89556477179684,224.79621340087564,78.98136937082253,86.07584088736938,168.010255289628,89.40700051577888,236.92004733155002
2023-12-15,242.71934014524015,65.53866356571021,69.69463243962123,164.1720712088792,221.19582516920912,81.48188030084852,86.86876858255937,166.56976495679274,91.38470977618276,227.35056786392627
2023-12-16,238.77532779559726,65.82878186402392,70.3576212621526,163.7999674648708,211.74132478004654,79.23368506548981,85.5223052119334,163.7153769761899,91.59731333461005,228.19555769014056
2023-12-17,237.2605807601347,64.58548541003144,69.56877561628224,159.9178119693554,208.11741291688634,78.85166886913338,84.7596999284474,166.9568548774804,90.61891951236107,238.639391726712
2023-12-18,239.56207356886188,65.1475538609255,69.6165046862922,159.33032181790492,206.94742647858573,78.21673208081296,82.65138534041819,169.99284719833113,92.52287614486865,237.04566595113775
2023-12-19,240.0160068648794,62.99800659348022,69.84570028472211,156.7213102159907,213.44789526439973,79.18244777741012,82.47455698104424,175.16173977534876,91.06755685437854,233.73576407356882
2023-12-20,244.90630345381282,64.34030081936447,70.51597114561062,154.9897002699396,211.4680669929467,76.72995412007165,82.8080220542849,173.14513299649784,88.18611807524566,235.6053678235691
2023-12-21,247.3608620191814,64.98380902294413,70.36300503695273,156.90338486993173,213.75114946637515,77.48122287899612,78.518100707494,172.43824782375367,90.38412825168564,237.20050576670434
2023-12-22,247.75373823348178,65.35008505493788,71.94377817060075,162.3132845543742,213.13938060557933,80.72286060536221,78.96625834707213,166.9592057281086,92.51823353984601,243.04837623103705
2023-12-23,259.4205494177947,66.68050032825383,69.01794739963852,163.6813833324023,218.54117126355823,78.59108997752878,78.93357271760718,165.73665008983798,91.10929015316158,237.12872556977112
2023-12-24,261.66760667100823,68.97347774292578,73.23120551388924,159.89288021626686,223.76946579342973,78.92929544057041,77.7739706794402,169.15771313890434,90.43015633278006,240.7431854081892
2023-12-25,259.54657790141823,70.42226317603652,72.00236456655723,161.40167693853115,229.21028411258328,77.93014229141211,81.03485628271463,167.67064118055248,88.83131627793671,243.7246698284064
2023-12-26,269.51809139559526,67.91058862706626,72.62191676918545,165.3937137416354,221.50832708611173,78.63607454851982,82.64455295540824,169.91718680318152,89.45822289136082,243.15430822743076
2023-12-27,276.20511183862754,66.22780749273407,71.30720697761149,163.4705934166311,222.53728570999746,78.70553736861851,80.89248015669145,169.35568018319063,92.65776125077825,244.9293989449816
2023-12-28,286.5650337684735,65.43806062648017,72.26809642150769,163.11455967699965,226.05389307871707,77.74107669156916,82.30119313848286,170.54211249879185,94.01650526352273,250.14960304796725
2023-12-29,286.0729549817124,65.50496078547637,72.70529010942057,163.24408552482214,227.89937801486118,78.5426053548241,84.41757094855,166.75546077861185,96.0323244311936,254.67938966741607
2023-12-30,291.85965354174346,66.21976990221758,71.80110582781126,160.78186518451486,230.9349648789912,81.46945649940865,84.6830941548269,167.1234267139826,97.66853152229,249.04785641513905
2023-12-31,283.6429018085079,65.29818108208342,73.39542649489684,162.96153320658365,231.3202591613646,81.19958264310569,85.34013210298541,157.49754992795465,97.71714514123431,253.2933330198583
